epoch,time,train/box_loss,train/cls_loss,train/dfl_loss,metrics/precision(B),metrics/recall(B),metrics/mAP50(B),metrics/mAP50-95(B),val/box_loss,val/cls_loss,val/dfl_loss,lr/pg0,lr/pg1,lr/pg2
1,4.17698,2.51746,6.09651,2.95933,0,0,0,0,nan,nan,nan,0.0784,0.0024,0.0024
2,8.8671,2.43409,2.85686,2.91169,0,0,0,0,nan,nan,nan,0.0558903,0.0048903,0.0048903
3,13.2006,2.22246,2.35791,2.78805,0,0,0,0,nan,nan,nan,0.0333707,0.0073707,0.0073707
4,17.3154,2.03606,2.09304,2.63969,0,0,0,0,nan,nan,nan,0.0108412,0.00984119,0.00984119
5,21.5538,1.94986,1.94959,2.57272,0,0,0,0,nan,nan,nan,0.0099208,0.0099208,0.0099208
6,25.7672,1.87427,1.84846,2.49769,0,0,0,0,5.54754,9.84448,8.65736,0.009901,0.009901,0.009901
7,30.1247,1.92497,1.84182,2.48933,0.00189,0.205,0.0014,0.00055,3.74226,13.8448,5.10495,0.0098812,0.0098812,0.0098812
8,34.3058,1.84194,1.58952,2.47352,0.035,0.385,0.03424,0.01202,2.6363,5.776,4.954,0.0098614,0.0098614,0.0098614
9,38.6356,1.77421,1.57737,2.37384,0.01759,0.29096,0.02247,0.00632,2.91414,12.4401,3.72358,0.0098416,0.0098416,0.0098416
10,42.7737,1.68735,1.48102,2.33795,0.03308,0.28,0.02122,0.00689,2.91681,4.21346,3.89598,0.0098218,0.0098218,0.0098218
11,46.8516,1.65564,1.35761,2.22992,0.31803,0.62573,0.30395,0.12705,1.76528,2.87918,2.98609,0.009802,0.009802,0.009802
12,51.0248,1.59303,1.3226,2.19624,0.66068,0.23,0.1485,0.03454,3.22297,3.75962,5.48893,0.0097822,0.0097822,0.0097822
13,55.158,1.63429,1.31135,2.25367,0.58187,0.17,0.05351,0.01111,3.06882,4.89196,5.04222,0.0097624,0.0097624,0.0097624
14,59.2805,1.56444,1.29575,2.1781,0.59156,0.50371,0.52527,0.23415,1.73681,2.08137,2.7726,0.0097426,0.0097426,0.0097426
15,63.4413,1.50886,1.30238,2.13983,0.5804,0.755,0.71458,0.37803,1.53486,1.28168,2.63143,0.0097228,0.0097228,0.0097228
16,67.7939,1.51728,1.20785,2.15763,0.71851,0.19019,0.25167,0.11197,2.12557,3.00572,3.18286,0.009703,0.009703,0.009703
17,71.8818,1.4864,1.19794,2.09574,0.52512,0.65,0.5522,0.23834,1.75107,1.75156,2.90464,0.0096832,0.0096832,0.0096832
18,75.9281,1.47713,1.22641,2.08342,0.56038,0.55359,0.56851,0.28383,1.74108,2.28369,2.98123,0.0096634,0.0096634,0.0096634
19,80.0693,1.45966,1.18263,2.05681,0.58831,0.41584,0.49274,0.20702,1.82134,2.42784,2.88943,0.0096436,0.0096436,0.0096436
20,84.2492,1.41957,1.16192,2.04455,0.71662,0.76886,0.78417,0.40824,1.75308,1.26816,2.87108,0.0096238,0.0096238,0.0096238
21,88.529,1.36681,1.05507,1.97789,0.86215,0.81,0.89445,0.49809,1.48359,1.16047,2.58412,0.009604,0.009604,0.009604
22,92.9411,1.4191,1.06903,2.01474,0.62944,0.54,0.57013,0.25858,2.17589,1.69916,3.23038,0.0095842,0.0095842,0.0095842
23,97.0629,1.40103,1.06688,2.01981,0.84842,0.81572,0.88158,0.4329,1.76708,1.13833,2.81889,0.0095644,0.0095644,0.0095644
24,101.187,1.39021,1.06521,1.99195,0.63306,0.765,0.74521,0.38569,1.77011,1.40844,2.98472,0.0095446,0.0095446,0.0095446
25,105.238,1.33659,1.01097,1.94414,0.77301,0.835,0.86656,0.47719,1.52767,1.18619,2.55074,0.0095248,0.0095248,0.0095248
26,109.306,1.28512,0.96974,1.89923,0.74342,0.77706,0.85483,0.46431,1.50508,1.22437,2.56385,0.009505,0.009505,0.009505
27,113.399,1.2503,0.94088,1.8712,0.77659,0.72877,0.88874,0.53579,1.39765,1.117,2.6109,0.0094852,0.0094852,0.0094852
28,117.885,1.28866,0.96145,1.90816,0.93246,0.43927,0.62698,0.33248,1.75677,1.76818,2.83583,0.0094654,0.0094654,0.0094654
29,121.927,1.29265,0.92311,1.90651,0.86351,0.85,0.90771,0.54439,1.29122,0.99343,2.47884,0.0094456,0.0094456,0.0094456
30,126.211,1.24707,0.92485,1.86215,0.57878,0.66074,0.65316,0.26885,2.07452,1.62525,3.23114,0.0094258,0.0094258,0.0094258
31,130.226,1.30809,0.9675,1.91001,0.31858,0.49,0.18617,0.0739,2.40156,3.29874,3.74866,0.009406,0.009406,0.009406
32,134.255,1.29012,0.92793,1.88386,0.89535,0.905,0.95096,0.56686,1.27983,0.93028,2.39204,0.0093862,0.0093862,0.0093862
33,138.546,1.2397,0.90965,1.84745,0.90539,0.85609,0.93815,0.42298,1.80602,1.0134,2.93466,0.0093664,0.0093664,0.0093664
34,142.58,1.21359,0.85499,1.80909,0.10351,0.465,0.12172,0.03556,2.68528,4.46114,4.29046,0.0093466,0.0093466,0.0093466
35,146.633,1.24823,0.90428,1.85014,0.59148,0.27465,0.31779,0.13465,2.19776,3.31644,3.4849,0.0093268,0.0093268,0.0093268
36,150.803,1.20541,0.85333,1.79887,0.5509,0.80812,0.85099,0.36479,1.92006,1.58575,3.10201,0.009307,0.009307,0.009307
37,154.99,1.20892,0.87841,1.84439,0.12028,0.165,0.0723,0.03681,2.12432,4.58331,3.55082,0.0092872,0.0092872,0.0092872
38,159.16,1.21892,0.86613,1.84034,0.51798,0.41274,0.4558,0.17191,2.14856,2.32974,3.63273,0.0092674,0.0092674,0.0092674
39,163.321,1.21024,0.88236,1.82148,0.87806,0.84457,0.92932,0.49986,1.58329,0.96219,2.94431,0.0092476,0.0092476,0.0092476
40,167.416,1.20496,0.86196,1.81936,0.88551,0.93215,0.95194,0.59159,1.21245,0.86379,2.31003,0.0092278,0.0092278,0.0092278
41,171.885,1.20759,0.87863,1.85026,0.84463,0.87,0.88931,0.60457,1.22914,0.87878,2.35827,0.009208,0.009208,0.009208
42,176.446,1.18065,0.8555,1.77634,0.8641,0.91,0.96088,0.59712,1.3435,0.84066,2.44573,0.0091882,0.0091882,0.0091882
43,180.904,1.18477,0.82362,1.78609,0.88609,0.79997,0.93065,0.57634,1.26123,0.95275,2.3805,0.0091684,0.0091684,0.0091684
44,185.111,1.16674,0.84981,1.78788,0.55826,0.605,0.61859,0.31518,1.69998,2.29246,2.85262,0.0091486,0.0091486,0.0091486
45,189.221,1.14141,0.81275,1.75802,0.80542,0.85,0.88642,0.49656,1.57232,0.95416,2.71576,0.0091288,0.0091288,0.0091288
46,193.392,1.0871,0.74556,1.70988,0.84533,0.86,0.8987,0.54444,1.40555,0.84852,2.41171,0.009109,0.009109,0.009109
47,197.517,1.13594,0.77503,1.75816,0.91909,0.92,0.9655,0.62469,1.15909,0.77407,2.22604,0.0090892,0.0090892,0.0090892
48,202.091,1.15538,0.81663,1.76198,0.25425,0.255,0.20622,0.09014,2.46882,3.11831,3.60937,0.0090694,0.0090694,0.0090694
49,206.159,1.11827,0.79345,1.74402,0.9523,0.95,0.97578,0.66726,1.11001,0.71143,2.16348,0.0090496,0.0090496,0.0090496
50,210.478,1.10715,0.77274,1.73965,0.79001,0.88,0.92911,0.54147,1.4798,0.92431,2.61375,0.0090298,0.0090298,0.0090298
51,214.629,1.09832,0.77604,1.74412,0.43116,0.445,0.3836,0.16073,2.12784,2.80037,3.38565,0.00901,0.00901,0.00901
52,218.917,1.08106,0.78837,1.68383,0.7116,0.679,0.74952,0.4262,1.54734,1.72225,2.68925,0.0089902,0.0089902,0.0089902
53,223.007,1.02371,0.74378,1.65893,0.89879,0.83515,0.90829,0.60111,1.27421,0.91216,2.35032,0.0089704,0.0089704,0.0089704
54,227.114,1.09309,0.74959,1.72323,0.79315,0.825,0.87298,0.45111,1.7424,1.01854,2.91515,0.0089506,0.0089506,0.0089506
55,231.169,1.06157,0.74405,1.6861,0.79724,0.41781,0.51011,0.1802,2.62476,2.68339,4.80273,0.0089308,0.0089308,0.0089308
56,235.214,1.06164,0.73629,1.69085,0.66944,0.55444,0.60012,0.28922,2.19727,2.42313,3.46363,0.008911,0.008911,0.008911
57,239.289,1.04139,0.71838,1.66662,0.9039,0.93,0.96175,0.6739,1.09241,0.72607,2.13158,0.0088912,0.0088912,0.0088912
58,243.533,1.04371,0.71549,1.67685,0.9473,0.78813,0.91471,0.56052,1.42005,1.1645,2.52502,0.0088714,0.0088714,0.0088714
59,247.546,1.07491,0.74112,1.69516,0.95465,0.905,0.95792,0.65686,1.12533,0.77321,2.22569,0.0088516,0.0088516,0.0088516
60,251.824,1.07138,0.75283,1.67934,0.89204,0.87094,0.93684,0.63187,1.10354,0.80695,2.20011,0.0088318,0.0088318,0.0088318
61,256.002,1.02813,0.73825,1.64769,0.9219,0.86365,0.93724,0.63791,1.24382,0.8151,2.28516,0.008812,0.008812,0.008812
62,260.29,1.01318,0.70429,1.64016,0.97874,0.92834,0.98009,0.6672,1.16767,0.65773,2.17116,0.0087922,0.0087922,0.0087922
63,264.388,1.02266,0.70743,1.64689,0.86207,0.78,0.84445,0.58093,1.27194,0.89733,2.31089,0.0087724,0.0087724,0.0087724
64,268.535,1.04781,0.72005,1.66311,0.66856,0.88918,0.89997,0.51297,1.50333,0.84988,2.75963,0.0087526,0.0087526,0.0087526
65,272.664,1.00916,0.6964,1.63023,0.95731,0.95022,0.98137,0.66905,1.10276,0.63146,2.1324,0.0087328,0.0087328,0.0087328
66,276.789,1.0033,0.70133,1.65345,0.92529,0.9108,0.96345,0.67723,1.07541,0.69362,2.13095,0.008713,0.008713,0.008713
67,281.202,1.0212,0.68085,1.65594,0.30952,0.385,0.27399,0.12406,2.15043,4.92929,3.24089,0.0086932,0.0086932,0.0086932
68,285.316,1.01222,0.72115,1.63616,0.95169,0.9627,0.97183,0.69955,0.97641,0.60153,2.01154,0.0086734,0.0086734,0.0086734
69,289.731,1.01546,0.69833,1.62986,0.90442,0.88,0.92696,0.51583,1.53907,1.01744,2.80338,0.0086536,0.0086536,0.0086536
70,293.867,1.04132,0.70834,1.66996,0.94446,0.895,0.94158,0.59758,1.27082,0.74581,2.35878,0.0086338,0.0086338,0.0086338
71,297.894,0.98896,0.68379,1.62329,0.6678,0.78,0.83943,0.49591,1.43378,1.13145,2.50587,0.008614,0.008614,0.008614
72,301.948,1.04518,0.70263,1.6442,0.54564,0.20304,0.329,0.08824,2.76597,4.36171,3.80386,0.0085942,0.0085942,0.0085942
73,305.997,0.99273,0.68899,1.60314,0.6759,0.58,0.62926,0.38947,1.59726,1.87617,2.70376,0.0085744,0.0085744,0.0085744
74,310.051,1.00066,0.66341,1.60294,0.93533,0.91893,0.94586,0.66409,1.15616,0.81191,2.1844,0.0085546,0.0085546,0.0085546
75,314.079,0.96495,0.66514,1.58321,0.91146,0.89001,0.94289,0.65327,1.03228,0.74542,2.06743,0.0085348,0.0085348,0.0085348
76,318.142,0.98149,0.65562,1.59685,0.94256,0.95,0.9696,0.66155,1.08195,0.7096,2.14311,0.008515,0.008515,0.008515
77,322.184,1.00132,0.67436,1.62137,0.90601,0.94643,0.97063,0.67011,1.07608,0.67881,2.08473,0.0084952,0.0084952,0.0084952
78,326.336,0.94499,0.67384,1.5886,0.96971,0.97,0.98722,0.71125,1.03569,0.61766,2.10314,0.0084754,0.0084754,0.0084754
79,330.638,0.99357,0.6849,1.61976,0.98119,0.94484,0.98259,0.69179,1.03008,0.61296,2.05736,0.0084556,0.0084556,0.0084556
80,334.706,0.97791,0.65198,1.59909,0.94782,0.935,0.97012,0.65892,1.1813,0.65735,2.25225,0.0084358,0.0084358,0.0084358
81,338.76,0.97643,0.6602,1.6184,0.89333,0.90255,0.95869,0.64529,1.17252,0.73299,2.23389,0.008416,0.008416,0.008416
82,342.855,0.97773,0.63598,1.59076,0.87816,0.87473,0.94252,0.67694,1.00234,0.66622,1.99643,0.0083962,0.0083962,0.0083962
83,346.92,0.96451,0.65198,1.58719,0.88097,0.92244,0.95412,0.6806,0.98474,0.7188,2.03105,0.0083764,0.0083764,0.0083764
84,350.992,0.95717,0.66529,1.58007,0.95924,0.95,0.98199,0.70127,0.93371,0.57572,2.00316,0.0083566,0.0083566,0.0083566
85,355.046,0.94919,0.64116,1.57752,0.93182,0.97,0.98116,0.66134,1.0736,0.63126,2.24147,0.0083368,0.0083368,0.0083368
86,359.206,0.98009,0.66291,1.60722,0.94098,0.93734,0.96833,0.70849,0.971,0.64645,1.94511,0.008317,0.008317,0.008317
87,363.252,0.93232,0.61994,1.55886,0.94863,0.95964,0.98224,0.70995,0.92489,0.54542,1.91659,0.0082972,0.0082972,0.0082972
88,367.355,0.96785,0.62545,1.55066,0.91358,0.95876,0.98219,0.71889,0.88609,0.56915,1.89733,0.0082774,0.0082774,0.0082774
89,371.649,0.95742,0.6441,1.58094,0.98107,0.95314,0.98552,0.68371,1.04068,0.58792,2.11225,0.0082576,0.0082576,0.0082576
90,375.758,0.96023,0.63327,1.5701,0.82757,0.8679,0.94721,0.62366,1.29019,0.74187,2.32079,0.0082378,0.0082378,0.0082378
91,379.82,0.95289,0.63977,1.56808,0.81376,0.83394,0.90961,0.62495,1.14531,0.96494,2.18293,0.008218,0.008218,0.008218
92,383.903,0.9438,0.63633,1.55891,0.97108,0.96091,0.98579,0.73922,0.88226,0.53632,1.84576,0.0081982,0.0081982,0.0081982
93,388.222,0.91098,0.60732,1.53019,0.85316,0.755,0.85012,0.59017,1.227,1.24114,2.31938,0.0081784,0.0081784,0.0081784
94,392.378,0.93492,0.61068,1.53769,0.95608,0.92645,0.97139,0.63366,1.24837,0.70441,2.32882,0.0081586,0.0081586,0.0081586
95,396.471,0.90118,0.6011,1.50942,0.94854,0.925,0.96664,0.71178,0.92354,0.61097,1.89483,0.0081388,0.0081388,0.0081388
96,400.607,0.93471,0.63605,1.54322,0.93575,0.93067,0.97297,0.72921,0.95153,0.62114,1.92701,0.008119,0.008119,0.008119
97,404.716,0.92831,0.6126,1.5413,0.84916,0.76059,0.87076,0.47832,1.66086,1.11944,2.97707,0.0080992,0.0080992,0.0080992
98,408.838,0.89651,0.62554,1.54711,0.54357,0.525,0.48031,0.26893,1.91814,2.6325,3.19442,0.0080794,0.0080794,0.0080794
99,413.014,0.92591,0.59541,1.55465,0.86804,0.82013,0.92107,0.61601,1.19887,0.98344,2.21328,0.0080596,0.0080596,0.0080596
100,417.135,0.951,0.63341,1.5332,0.90887,0.93586,0.95525,0.66488,1.07568,0.63336,2.16474,0.0080398,0.0080398,0.0080398
101,421.246,0.94075,0.64797,1.55902,0.96483,0.94819,0.98336,0.72928,0.87804,0.55787,1.78367,0.00802,0.00802,0.00802
102,425.42,0.90005,0.59261,1.51479,0.98253,0.92303,0.97253,0.7318,0.90127,0.60584,1.83885,0.0080002,0.0080002,0.0080002
103,429.523,0.91171,0.61467,1.53002,0.91765,0.87485,0.94392,0.70441,0.97943,0.88843,1.93142,0.0079804,0.0079804,0.0079804
104,433.626,0.88269,0.6052,1.48589,0.97083,0.93434,0.9678,0.70826,1.0066,0.6314,1.969,0.0079606,0.0079606,0.0079606
105,437.669,0.89075,0.60072,1.50569,0.98586,0.94,0.98622,0.76211,0.87498,0.52733,1.79815,0.0079408,0.0079408,0.0079408
106,441.883,0.8831,0.58174,1.51765,0.95248,0.9144,0.96292,0.74048,0.87569,0.55349,1.79429,0.007921,0.007921,0.007921
107,445.914,0.90951,0.60767,1.52713,0.23091,0.375,0.1609,0.05938,2.84501,3.11063,3.90972,0.0079012,0.0079012,0.0079012
108,449.958,0.90122,0.61906,1.5105,0.91768,0.87722,0.9299,0.60861,1.20326,0.80992,2.22293,0.0078814,0.0078814,0.0078814
109,454.181,0.9289,0.60602,1.53034,0.88096,0.92887,0.95183,0.70704,0.94208,0.63682,1.90294,0.0078616,0.0078616,0.0078616
110,458.289,0.87025,0.58841,1.48648,0.86902,0.86,0.92054,0.66594,0.96261,0.82668,1.93149,0.0078418,0.0078418,0.0078418
111,462.403,0.87459,0.57813,1.47718,0.87792,0.67419,0.767,0.54083,1.20631,1.738,2.17582,0.007822,0.007822,0.007822
112,466.489,0.8861,0.58943,1.51531,0.94598,0.95,0.97597,0.74184,0.82387,0.56554,1.7831,0.0078022,0.0078022,0.0078022
113,470.594,0.90315,0.60188,1.53827,0.90049,0.91,0.95322,0.7001,0.96517,0.64147,1.92315,0.0077824,0.0077824,0.0077824
114,474.66,0.87654,0.61571,1.48787,0.91646,0.87,0.94258,0.68713,0.93279,0.66817,1.92771,0.0077626,0.0077626,0.0077626
115,478.727,0.89301,0.62178,1.51582,0.90799,0.815,0.89352,0.56311,1.30814,1.03386,2.28952,0.0077428,0.0077428,0.0077428
116,482.918,0.86797,0.58042,1.48546,0.92791,0.975,0.97741,0.73426,0.87224,0.5041,1.79025,0.007723,0.007723,0.007723
117,487.01,0.87325,0.57747,1.51042,0.59287,0.79391,0.73721,0.48188,1.31308,1.14253,2.5018,0.0077032,0.0077032,0.0077032
118,491.197,0.8695,0.57393,1.48728,0.92993,0.92562,0.97134,0.70457,0.99248,0.66072,1.96576,0.0076834,0.0076834,0.0076834
119,495.286,0.87618,0.57718,1.48706,0.97039,0.945,0.97601,0.72243,0.93176,0.5459,1.88392,0.0076636,0.0076636,0.0076636
120,499.444,0.87385,0.58098,1.48098,0.69812,0.805,0.7225,0.52226,1.05786,0.82769,2.14228,0.0076438,0.0076438,0.0076438
121,503.481,0.85125,0.57517,1.46191,0.91073,0.895,0.94017,0.65338,1.01033,0.64308,2.02153,0.007624,0.007624,0.007624
122,507.609,0.85443,0.57165,1.47214,0.8507,0.80634,0.87186,0.6251,1.14804,1.05224,2.04573,0.0076042,0.0076042,0.0076042
123,511.722,0.84818,0.57608,1.45127,0.94973,0.94033,0.98797,0.75876,0.83013,0.49602,1.70752,0.0075844,0.0075844,0.0075844
124,515.819,0.8253,0.54927,1.446,0.97254,0.95198,0.9822,0.74883,0.8253,0.48788,1.722,0.0075646,0.0075646,0.0075646
125,520.074,0.82716,0.55592,1.44172,0.97192,0.86918,0.95405,0.72233,0.99796,0.81652,1.93899,0.0075448,0.0075448,0.0075448
126,524.182,0.82877,0.55306,1.47054,0.96827,0.985,0.98822,0.78026,0.78932,0.45773,1.67529,0.007525,0.007525,0.007525
127,528.716,0.83259,0.54343,1.46569,0.93337,0.91564,0.95653,0.72147,0.86785,0.57746,1.87332,0.0075052,0.0075052,0.0075052
128,532.837,0.83897,0.5319,1.45316,0.54388,0.41243,0.39826,0.24067,1.87898,3.71084,2.92441,0.0074854,0.0074854,0.0074854
129,536.97,0.85972,0.55324,1.4845,0.85334,0.885,0.92535,0.64905,1.08478,0.75971,2.06641,0.0074656,0.0074656,0.0074656
130,541.035,0.86317,0.55589,1.48439,0.75618,0.92075,0.96733,0.72726,0.89527,0.75071,1.82326,0.0074458,0.0074458,0.0074458
131,545.201,0.84541,0.54934,1.47188,0.49748,0.57,0.55645,0.30794,1.62106,2.34049,2.61098,0.007426,0.007426,0.007426
132,549.26,0.84941,0.55261,1.45321,0.92253,0.97,0.97619,0.71168,0.9462,0.61202,1.87901,0.0074062,0.0074062,0.0074062
133,553.302,0.82652,0.55521,1.45774,0.94066,0.97,0.98228,0.72106,0.97292,0.52804,1.91014,0.0073864,0.0073864,0.0073864
134,557.402,0.84024,0.54958,1.45772,0.92923,0.92784,0.97598,0.7183,0.89337,0.57567,1.87199,0.0073666,0.0073666,0.0073666
135,561.463,0.83875,0.56534,1.46556,0.96539,0.97241,0.98746,0.75005,0.84798,0.51471,1.78578,0.0073468,0.0073468,0.0073468
136,565.528,0.83894,0.56702,1.47442,0.89799,0.92623,0.96455,0.72769,0.98248,0.65425,1.91898,0.007327,0.007327,0.007327
137,569.577,0.85067,0.53939,1.47725,0.96694,0.97,0.98778,0.76153,0.78791,0.48007,1.67871,0.0073072,0.0073072,0.0073072
138,573.631,0.8408,0.54834,1.46118,0.78573,0.87582,0.91952,0.68201,0.97167,0.8594,1.98617,0.0072874,0.0072874,0.0072874
139,577.676,0.83137,0.56038,1.47068,0.97979,0.9369,0.977,0.75611,0.8623,0.5536,1.75515,0.0072676,0.0072676,0.0072676
140,581.739,0.82443,0.52047,1.43536,0.96023,0.945,0.97552,0.73927,0.84336,0.51213,1.78818,0.0072478,0.0072478,0.0072478
141,585.819,0.84278,0.54544,1.47338,0.93538,0.98147,0.98881,0.76083,0.85376,0.48839,1.73643,0.007228,0.007228,0.007228
142,589.934,0.80819,0.53113,1.42624,0.87578,0.895,0.92142,0.67639,0.96622,0.79702,1.908,0.0072082,0.0072082,0.0072082
143,593.97,0.81005,0.5402,1.44708,0.88627,0.94587,0.97485,0.74749,0.83638,0.56564,1.75093,0.0071884,0.0071884,0.0071884
144,598.051,0.83488,0.5604,1.44814,0.96582,0.94548,0.98133,0.75222,0.85327,0.53076,1.77647,0.0071686,0.0071686,0.0071686
145,602.112,0.82149,0.56301,1.45701,0.66155,0.57303,0.69239,0.38187,1.62807,1.87087,2.51584,0.0071488,0.0071488,0.0071488
146,606.184,0.80991,0.53576,1.43026,0.98709,0.95584,0.98885,0.77988,0.78656,0.50888,1.69017,0.007129,0.007129,0.007129
147,610.222,0.82549,0.54987,1.45031,0.90142,0.93,0.96132,0.71526,0.87103,0.64901,1.82022,0.0071092,0.0071092,0.0071092
148,614.289,0.83595,0.54585,1.46334,0.96369,0.915,0.9805,0.73391,0.93056,0.54822,1.80693,0.0070894,0.0070894,0.0070894
149,618.341,0.81227,0.53113,1.45339,0.97614,0.96096,0.98878,0.74939,0.87352,0.48824,1.80494,0.0070696,0.0070696,0.0070696
150,622.424,0.82537,0.52649,1.43563,0.51339,0.18349,0.18344,0.07929,2.98429,4.56541,4.69238,0.0070498,0.0070498,0.0070498
151,626.571,0.79478,0.52532,1.40906,0.84587,0.835,0.89835,0.6627,1.00801,0.74998,1.91876,0.00703,0.00703,0.00703
152,630.64,0.82226,0.5413,1.45812,0.92427,0.915,0.98258,0.75175,0.80387,0.55608,1.68588,0.0070102,0.0070102,0.0070102
153,634.685,0.82212,0.54357,1.41671,0.97369,0.90924,0.96935,0.75272,0.82544,0.54624,1.74541,0.0069904,0.0069904,0.0069904
154,638.736,0.82639,0.55242,1.46882,0.96427,0.94833,0.98025,0.75635,0.79239,0.52461,1.72736,0.0069706,0.0069706,0.0069706
155,642.801,0.83692,0.55171,1.44607,0.95958,0.955,0.97657,0.73653,0.89798,0.52971,1.83932,0.0069508,0.0069508,0.0069508
156,646.858,0.80526,0.53757,1.44145,0.92031,0.88,0.91505,0.67966,0.92398,0.70191,1.83837,0.006931,0.006931,0.006931
157,650.875,0.82931,0.53573,1.43832,0.87814,0.89609,0.94117,0.6925,0.99871,0.6806,1.84624,0.0069112,0.0069112,0.0069112
158,654.955,0.83478,0.56306,1.46929,0.67626,0.63022,0.73867,0.52259,1.24753,1.76136,2.20781,0.0068914,0.0068914,0.0068914
159,659.049,0.80229,0.53213,1.42461,0.98916,0.91796,0.97812,0.77355,0.80622,0.54115,1.7096,0.0068716,0.0068716,0.0068716
160,663.173,0.81947,0.53338,1.4253,0.98389,0.97,0.98828,0.77872,0.74615,0.47636,1.62279,0.0068518,0.0068518,0.0068518
161,667.342,0.81411,0.52917,1.41549,0.77703,0.86185,0.9062,0.63017,1.05878,0.84745,2.12585,0.006832,0.006832,0.006832
162,671.41,0.79355,0.51625,1.42003,0.71032,0.71606,0.75115,0.44706,1.47586,1.09975,2.85049,0.0068122,0.0068122,0.0068122
163,675.461,0.79769,0.51745,1.41102,0.95875,0.94099,0.98064,0.75319,0.82584,0.52531,1.69989,0.0067924,0.0067924,0.0067924
164,679.535,0.78406,0.52295,1.41474,0.96613,0.95813,0.98784,0.78053,0.75516,0.47255,1.64684,0.0067726,0.0067726,0.0067726
165,683.719,0.822,0.5175,1.43623,0.96684,0.96367,0.98875,0.77487,0.77973,0.44111,1.65959,0.0067528,0.0067528,0.0067528
166,687.754,0.78591,0.51184,1.40528,0.90704,0.9419,0.97115,0.74616,0.82306,0.52169,1.73998,0.006733,0.006733,0.006733
167,691.875,0.79387,0.51848,1.41927,0.96138,0.90245,0.97457,0.75472,0.85401,0.56026,1.76943,0.0067132,0.0067132,0.0067132
168,695.981,0.78128,0.51309,1.39867,0.76381,0.79083,0.89291,0.62785,1.09475,1.08679,1.86309,0.0066934,0.0066934,0.0066934
169,700.013,0.78674,0.5106,1.41678,0.98602,0.95436,0.98859,0.77934,0.76576,0.4557,1.67506,0.0066736,0.0066736,0.0066736
170,704.03,0.80601,0.51527,1.42803,0.88993,0.6819,0.81578,0.56042,1.27416,1.59176,2.36926,0.0066538,0.0066538,0.0066538
171,708.049,0.79778,0.51707,1.42838,0.97997,0.97,0.98689,0.78468,0.7393,0.41342,1.58718,0.006634,0.006634,0.006634
172,712.511,0.79142,0.50768,1.41325,0.9528,0.97,0.98642,0.77342,0.75321,0.44162,1.61817,0.0066142,0.0066142,0.0066142
173,716.546,0.77842,0.51316,1.39588,0.94917,0.94451,0.98264,0.78367,0.77869,0.47341,1.63391,0.0065944,0.0065944,0.0065944
174,720.579,0.78054,0.50572,1.38884,0.95293,0.98247,0.98935,0.78358,0.75656,0.44853,1.65523,0.0065746,0.0065746,0.0065746
175,724.732,0.7885,0.51176,1.39028,0.96533,0.9443,0.97078,0.73125,0.86676,0.50209,1.794,0.0065548,0.0065548,0.0065548
176,728.868,0.77838,0.50994,1.41646,0.9093,0.95099,0.98412,0.76493,0.77394,0.44104,1.69235,0.006535,0.006535,0.006535
177,732.954,0.78938,0.52465,1.41863,0.97566,0.99,0.98618,0.78129,0.74297,0.44955,1.65789,0.0065152,0.0065152,0.0065152
178,737.071,0.79476,0.52088,1.40854,0.96431,0.9714,0.98449,0.75847,0.86099,0.47381,1.77858,0.0064954,0.0064954,0.0064954
179,741.129,0.7847,0.51119,1.40137,0.99508,0.92775,0.98438,0.75297,0.82465,0.51996,1.69069,0.0064756,0.0064756,0.0064756
180,745.185,0.75545,0.50534,1.38396,0.92753,0.94069,0.97193,0.74641,0.8535,0.49155,1.76762,0.0064558,0.0064558,0.0064558
181,749.243,0.79081,0.51884,1.4115,0.955,0.945,0.97042,0.75122,0.8749,0.51421,1.798,0.006436,0.006436,0.006436
182,753.296,0.8018,0.50859,1.43823,0.97955,0.965,0.98615,0.76193,0.77459,0.49677,1.73049,0.0064162,0.0064162,0.0064162
183,757.429,0.78073,0.50623,1.4096,0.98464,0.95264,0.98798,0.78982,0.75637,0.42442,1.60463,0.0063964,0.0063964,0.0063964
184,761.787,0.77556,0.49451,1.40034,0.85175,0.81632,0.89799,0.6207,1.20701,1.00113,2.34456,0.0063766,0.0063766,0.0063766
185,765.91,0.77412,0.49174,1.39045,0.96714,0.98907,0.99194,0.79499,0.76834,0.43893,1.65952,0.0063568,0.0063568,0.0063568
186,770.147,0.7714,0.48705,1.40277,0.72637,0.68,0.75713,0.53108,1.2485,1.29438,2.14206,0.006337,0.006337,0.006337
187,774.221,0.77315,0.49812,1.39431,0.85474,0.95148,0.97434,0.71464,0.9251,0.60137,1.85243,0.0063172,0.0063172,0.0063172
188,778.327,0.78625,0.5087,1.42444,0.97623,0.92377,0.98105,0.78035,0.76505,0.45806,1.66357,0.0062974,0.0062974,0.0062974
189,782.411,0.78843,0.5106,1.38138,0.9763,0.98,0.98946,0.77197,0.83456,0.46522,1.74746,0.0062776,0.0062776,0.0062776
190,786.491,0.78261,0.49764,1.42186,0.95291,0.985,0.98511,0.76855,0.80641,0.43963,1.68467,0.0062578,0.0062578,0.0062578
191,790.646,0.76022,0.47562,1.39765,0.93873,0.95,0.97297,0.72607,0.90699,0.57079,1.85048,0.006238,0.006238,0.006238
192,794.73,0.76413,0.4829,1.37649,0.97779,0.985,0.98966,0.78506,0.78437,0.41725,1.66131,0.0062182,0.0062182,0.0062182
193,798.786,0.7549,0.48282,1.3529,0.95519,0.80801,0.9168,0.67911,0.97926,0.81203,1.8632,0.0061984,0.0061984,0.0061984
194,802.822,0.75262,0.50146,1.37713,0.95013,0.94641,0.97964,0.7527,0.82141,0.49621,1.68483,0.0061786,0.0061786,0.0061786
195,806.917,0.74298,0.48476,1.37804,0.98695,0.97314,0.98761,0.782,0.76034,0.4458,1.64944,0.0061588,0.0061588,0.0061588
196,810.998,0.77117,0.49485,1.40313,0.93887,0.965,0.98034,0.77531,0.74626,0.47847,1.63556,0.006139,0.006139,0.006139
197,815.067,0.77169,0.49133,1.37427,0.96452,0.965,0.98526,0.74228,0.80063,0.51411,1.70263,0.0061192,0.0061192,0.0061192
198,819.134,0.76449,0.49461,1.39804,0.94977,0.95006,0.97899,0.78177,0.72905,0.46844,1.58957,0.0060994,0.0060994,0.0060994
199,823.249,0.76667,0.49712,1.3892,0.98195,0.93856,0.97663,0.77658,0.74435,0.47387,1.60117,0.0060796,0.0060796,0.0060796
200,827.339,0.74629,0.48124,1.37395,0.97613,0.91967,0.9803,0.78938,0.76705,0.52668,1.64063,0.0060598,0.0060598,0.0060598
201,831.416,0.76216,0.48131,1.37877,0.87006,0.77,0.86356,0.66082,0.98732,1.12438,1.86252,0.00604,0.00604,0.00604
202,835.469,0.75339,0.487,1.37299,0.88997,0.87581,0.95215,0.73289,0.91143,0.65686,1.81259,0.0060202,0.0060202,0.0060202
203,839.553,0.76028,0.47924,1.35937,0.87674,0.85,0.9186,0.68054,1.03328,0.74837,1.96218,0.0060004,0.0060004,0.0060004
204,843.681,0.78289,0.49095,1.40907,0.98334,0.99,0.99078,0.80317,0.72491,0.41791,1.61122,0.0059806,0.0059806,0.0059806
205,847.95,0.75758,0.47245,1.37684,0.96751,0.9277,0.97065,0.71959,0.897,0.52843,1.80891,0.0059608,0.0059608,0.0059608
206,851.982,0.76404,0.48582,1.37427,0.99197,0.96994,0.99227,0.78558,0.7365,0.39736,1.59024,0.005941,0.005941,0.005941
207,856.097,0.75953,0.4943,1.39551,0.9552,0.9558,0.9866,0.77006,0.87544,0.47698,1.73579,0.0059212,0.0059212,0.0059212
208,860.15,0.74946,0.48422,1.35298,0.96284,0.955,0.98825,0.77703,0.79099,0.45707,1.64057,0.0059014,0.0059014,0.0059014
209,864.214,0.76443,0.47806,1.38325,0.87723,0.775,0.88968,0.64771,0.98804,0.9645,1.88207,0.0058816,0.0058816,0.0058816
210,868.285,0.77225,0.48998,1.39158,0.92493,0.94931,0.9747,0.78276,0.82835,0.53972,1.69434,0.0058618,0.0058618,0.0058618
211,872.344,0.78576,0.48492,1.38769,0.97779,0.96289,0.98462,0.77878,0.84642,0.44836,1.71908,0.005842,0.005842,0.005842
212,876.405,0.72672,0.47211,1.36907,0.97575,0.96,0.98458,0.76803,0.86685,0.49663,1.75833,0.0058222,0.0058222,0.0058222
213,880.471,0.74815,0.47234,1.36104,0.85991,0.8866,0.91765,0.66444,1.0305,0.68693,1.99515,0.0058024,0.0058024,0.0058024
214,884.657,0.75218,0.45877,1.3596,0.96369,0.97434,0.9866,0.77402,0.77136,0.44879,1.64956,0.0057826,0.0057826,0.0057826
215,888.812,0.75076,0.4705,1.3714,0.95289,0.92662,0.97389,0.76093,0.83406,0.57767,1.73227,0.0057628,0.0057628,0.0057628
216,892.965,0.71998,0.45265,1.35185,0.8236,0.62,0.69529,0.44694,1.52182,1.98617,2.35997,0.005743,0.005743,0.005743
217,897.006,0.73625,0.47169,1.38004,0.96623,0.975,0.98683,0.80536,0.71467,0.43018,1.60576,0.0057232,0.0057232,0.0057232
218,901.29,0.76067,0.47095,1.38364,0.7679,0.90463,0.9246,0.70002,0.90638,0.82521,1.83547,0.0057034,0.0057034,0.0057034
219,905.358,0.7303,0.46025,1.35091,0.96971,0.97154,0.98915,0.80927,0.73955,0.45136,1.63727,0.0056836,0.0056836,0.0056836
220,909.626,0.74786,0.475,1.38552,0.97948,0.94946,0.99013,0.8001,0.74099,0.43893,1.61256,0.0056638,0.0056638,0.0056638
221,913.71,0.7308,0.47882,1.38281,0.95279,0.95,0.98118,0.75611,0.79813,0.5077,1.70575,0.005644,0.005644,0.005644
222,917.743,0.74682,0.46715,1.35562,0.96072,0.95229,0.97739,0.77955,0.82875,0.50527,1.70641,0.0056242,0.0056242,0.0056242
223,921.835,0.73265,0.46775,1.36173,0.99229,0.98977,0.99206,0.80901,0.74121,0.39298,1.59688,0.0056044,0.0056044,0.0056044
224,926.15,0.73042,0.46904,1.35623,0.9633,0.94266,0.97474,0.76545,0.8275,0.51633,1.68668,0.0055846,0.0055846,0.0055846
225,930.206,0.72924,0.46066,1.34889,0.99239,0.975,0.98709,0.78847,0.79716,0.47101,1.662,0.0055648,0.0055648,0.0055648
226,934.257,0.71339,0.45726,1.3472,0.97358,0.955,0.98227,0.77287,0.79581,0.45543,1.71692,0.005545,0.005545,0.005545
227,938.282,0.73196,0.45758,1.35692,0.89031,0.97248,0.98073,0.76833,0.83985,0.531,1.74186,0.0055252,0.0055252,0.0055252
228,942.321,0.73754,0.46058,1.35094,0.91096,0.95778,0.99198,0.79126,0.75282,0.44646,1.60206,0.0055054,0.0055054,0.0055054
229,946.359,0.71444,0.45203,1.33396,0.98901,0.945,0.99147,0.79503,0.71883,0.43971,1.57758,0.0054856,0.0054856,0.0054856
230,950.444,0.72129,0.45049,1.32887,0.96627,0.97377,0.98362,0.79671,0.7304,0.4242,1.60474,0.0054658,0.0054658,0.0054658
231,954.533,0.71244,0.44328,1.32832,0.92549,0.8815,0.9394,0.71139,0.94172,0.69419,1.94647,0.005446,0.005446,0.005446
232,958.712,0.73581,0.47009,1.36827,0.95943,0.98,0.99191,0.78969,0.71751,0.44084,1.5916,0.0054262,0.0054262,0.0054262
233,962.848,0.7227,0.44684,1.35098,0.93301,0.925,0.96401,0.74381,0.80169,0.51094,1.66498,0.0054064,0.0054064,0.0054064
234,966.93,0.70158,0.44803,1.32603,0.98112,0.96,0.98769,0.78066,0.81403,0.47119,1.68688,0.0053866,0.0053866,0.0053866
235,971.064,0.7259,0.44242,1.33234,0.99068,0.975,0.99029,0.80236,0.74159,0.44041,1.62361,0.0053668,0.0053668,0.0053668
236,975.191,0.71172,0.43014,1.33062,0.97443,0.98889,0.98944,0.80034,0.72581,0.38624,1.58594,0.005347,0.005347,0.005347
237,979.268,0.74493,0.45859,1.36265,0.97026,0.98711,0.99182,0.78453,0.74513,0.40363,1.61874,0.0053272,0.0053272,0.0053272
238,983.468,0.7086,0.44668,1.32673,0.98047,0.96624,0.98945,0.79869,0.74693,0.42254,1.61417,0.0053074,0.0053074,0.0053074
239,987.627,0.69211,0.43355,1.33042,0.9757,0.995,0.99195,0.80264,0.74455,0.38951,1.63069,0.0052876,0.0052876,0.0052876
240,991.852,0.70443,0.44682,1.33648,0.96118,0.96396,0.98655,0.77341,0.76156,0.4581,1.64665,0.0052678,0.0052678,0.0052678
241,996.133,0.69275,0.44929,1.33067,0.98748,0.96,0.9905,0.79121,0.73739,0.44105,1.6013,0.005248,0.005248,0.005248
242,1000.23,0.72576,0.45052,1.36275,0.9771,0.98,0.98843,0.80717,0.73937,0.38452,1.5826,0.0052282,0.0052282,0.0052282
243,1004.29,0.72333,0.44881,1.35377,0.8373,0.77978,0.85472,0.64704,0.98552,1.03488,1.89234,0.0052084,0.0052084,0.0052084
244,1008.34,0.71466,0.44711,1.34294,0.94521,0.95,0.97863,0.77225,0.80173,0.47674,1.6997,0.0051886,0.0051886,0.0051886
245,1012.43,0.69944,0.44798,1.34526,0.98225,0.97853,0.98795,0.79903,0.73599,0.43669,1.57694,0.0051688,0.0051688,0.0051688
246,1016.55,0.71694,0.45503,1.33501,0.94718,0.985,0.98873,0.79101,0.77627,0.41245,1.6261,0.005149,0.005149,0.005149
247,1020.65,0.69956,0.43199,1.32236,0.96937,0.975,0.98333,0.77315,0.77392,0.43019,1.68502,0.0051292,0.0051292,0.0051292
248,1024.8,0.68284,0.43403,1.33591,0.95546,0.92838,0.97444,0.74661,0.80701,0.47441,1.69996,0.0051094,0.0051094,0.0051094
249,1028.99,0.70666,0.43871,1.34153,0.9672,0.96845,0.98947,0.79708,0.77466,0.45667,1.65314,0.0050896,0.0050896,0.0050896
250,1033.05,0.7057,0.44098,1.33632,0.96417,0.9852,0.98896,0.80644,0.71979,0.41016,1.56407,0.0050698,0.0050698,0.0050698
251,1037.14,0.70814,0.44452,1.34387,0.97121,0.965,0.98832,0.79663,0.72276,0.39995,1.5711,0.00505,0.00505,0.00505
252,1041.28,0.72595,0.4565,1.3516,0.96042,0.96719,0.98748,0.78583,0.73593,0.43354,1.59971,0.0050302,0.0050302,0.0050302
253,1045.45,0.7442,0.46063,1.35645,0.99237,0.985,0.99132,0.81104,0.71422,0.38381,1.57721,0.0050104,0.0050104,0.0050104
254,1049.67,0.70924,0.45464,1.33018,0.97633,0.985,0.99265,0.80355,0.73807,0.39547,1.62104,0.0049906,0.0049906,0.0049906
255,1053.85,0.71926,0.4591,1.34028,0.96538,0.98239,0.9901,0.79275,0.73618,0.41282,1.58493,0.0049708,0.0049708,0.0049708
256,1058.03,0.70172,0.44302,1.32311,0.96183,0.90114,0.97012,0.73996,0.78652,0.4934,1.68525,0.004951,0.004951,0.004951
257,1062.11,0.7147,0.44657,1.32964,0.90455,0.94041,0.95793,0.71906,0.85701,0.56393,1.76229,0.0049312,0.0049312,0.0049312
258,1066.25,0.71686,0.45579,1.34095,0.97502,0.99,0.99286,0.79805,0.71461,0.39312,1.57735,0.0049114,0.0049114,0.0049114
259,1070.49,0.7257,0.44294,1.35064,0.96071,0.97593,0.9845,0.77723,0.74906,0.43485,1.63131,0.0048916,0.0048916,0.0048916
260,1074.56,0.69977,0.42913,1.33909,0.9362,0.785,0.90293,0.64594,1.11761,1.03552,2.01635,0.0048718,0.0048718,0.0048718
261,1078.64,0.69265,0.44309,1.3372,0.97882,0.99,0.99164,0.81168,0.69443,0.38786,1.52951,0.004852,0.004852,0.004852
262,1082.99,0.68815,0.43587,1.32289,0.95121,0.89477,0.94111,0.72436,0.88042,0.58288,1.8663,0.0048322,0.0048322,0.0048322
263,1087.21,0.6936,0.43665,1.31218,0.93471,0.855,0.92543,0.69906,0.93596,0.77286,1.93299,0.0048124,0.0048124,0.0048124
264,1091.59,0.70781,0.43197,1.31808,0.94063,0.93132,0.96346,0.75586,0.76818,0.50463,1.65005,0.0047926,0.0047926,0.0047926
265,1095.72,0.70313,0.44017,1.33489,0.96351,0.99,0.99127,0.79335,0.74441,0.40329,1.63172,0.0047728,0.0047728,0.0047728
266,1099.81,0.70369,0.4372,1.3224,0.9779,0.985,0.99303,0.80829,0.74158,0.39012,1.61962,0.004753,0.004753,0.004753
267,1103.9,0.69454,0.43985,1.32392,0.88151,0.955,0.97537,0.75256,0.8302,0.4877,1.69091,0.0047332,0.0047332,0.0047332
268,1108.09,0.70048,0.44402,1.33484,0.96399,0.95,0.98877,0.77787,0.74207,0.43015,1.62402,0.0047134,0.0047134,0.0047134
269,1112.26,0.6771,0.43032,1.31779,0.97447,0.9583,0.98349,0.76319,0.78442,0.44352,1.68022,0.0046936,0.0046936,0.0046936
270,1116.42,0.69619,0.44264,1.33703,0.98942,0.94266,0.98476,0.77065,0.79774,0.46256,1.67927,0.0046738,0.0046738,0.0046738
271,1120.46,0.70458,0.44565,1.32544,0.95736,0.86843,0.94618,0.74008,0.94811,0.67256,1.84494,0.004654,0.004654,0.004654
272,1124.6,0.70624,0.44822,1.33843,0.97625,0.99261,0.993,0.82652,0.67519,0.38493,1.52302,0.0046342,0.0046342,0.0046342
273,1128.98,0.66398,0.42957,1.29905,0.9631,0.925,0.98239,0.77783,0.74269,0.48516,1.58915,0.0046144,0.0046144,0.0046144
274,1133.23,0.68334,0.43145,1.32106,0.96089,0.965,0.98449,0.80326,0.7295,0.43782,1.60363,0.0045946,0.0045946,0.0045946
275,1137.43,0.6643,0.41752,1.30434,0.96106,0.94,0.97876,0.78025,0.77488,0.45953,1.65179,0.0045748,0.0045748,0.0045748
276,1141.77,0.69939,0.43005,1.32821,0.97187,0.94462,0.98127,0.78949,0.76118,0.44657,1.64738,0.004555,0.004555,0.004555
277,1145.89,0.67402,0.43954,1.32476,0.99422,0.97,0.9908,0.81778,0.6748,0.38836,1.52154,0.0045352,0.0045352,0.0045352
278,1150,0.68118,0.42419,1.31654,0.96796,0.94878,0.97711,0.74852,0.84005,0.48617,1.75935,0.0045154,0.0045154,0.0045154
279,1154.05,0.70131,0.42513,1.31135,0.97099,0.965,0.98314,0.78017,0.76553,0.40727,1.61653,0.0044956,0.0044956,0.0044956
280,1158.09,0.69228,0.42755,1.32114,0.99357,0.965,0.99102,0.80998,0.68913,0.3902,1.549,0.0044758,0.0044758,0.0044758
281,1162.14,0.6998,0.44169,1.3255,0.97555,0.975,0.99207,0.81597,0.69307,0.37676,1.56183,0.004456,0.004456,0.004456
282,1166.18,0.69881,0.43127,1.31861,0.92087,0.88689,0.93998,0.77974,0.74356,0.66527,1.61827,0.0044362,0.0044362,0.0044362
283,1170.26,0.66751,0.41941,1.30904,0.99009,0.965,0.99255,0.82256,0.67511,0.37015,1.53474,0.0044164,0.0044164,0.0044164
284,1174.42,0.67311,0.41984,1.30261,0.98377,0.98721,0.99283,0.82431,0.69987,0.39836,1.55514,0.0043966,0.0043966,0.0043966
285,1178.44,0.67361,0.41665,1.30495,0.94405,0.955,0.98185,0.78294,0.83316,0.45322,1.73841,0.0043768,0.0043768,0.0043768
286,1182.48,0.69074,0.42853,1.31492,0.98298,0.96952,0.98782,0.7711,0.85311,0.40603,1.72339,0.004357,0.004357,0.004357
287,1186.5,0.67089,0.41697,1.28498,0.98357,0.98128,0.98943,0.77878,0.81759,0.41357,1.66875,0.0043372,0.0043372,0.0043372
288,1190.56,0.65921,0.41184,1.3072,0.98025,0.9722,0.98942,0.8012,0.73241,0.38979,1.60785,0.0043174,0.0043174,0.0043174
289,1194.59,0.67335,0.40991,1.31143,0.96472,0.98512,0.99301,0.80051,0.76847,0.41341,1.68661,0.0042976,0.0042976,0.0042976
290,1198.62,0.69352,0.4299,1.33305,0.98265,0.99334,0.99281,0.82232,0.67364,0.35633,1.53071,0.0042778,0.0042778,0.0042778
291,1202.66,0.66967,0.40459,1.31408,0.98057,0.98118,0.9918,0.82618,0.66157,0.35814,1.50845,0.004258,0.004258,0.004258
292,1206.79,0.67827,0.42524,1.31465,0.95725,0.97004,0.99115,0.80036,0.72389,0.40405,1.58689,0.0042382,0.0042382,0.0042382
293,1210.84,0.68443,0.42078,1.31308,0.97173,0.97,0.99224,0.80634,0.70861,0.41534,1.54292,0.0042184,0.0042184,0.0042184
294,1214.88,0.65584,0.40853,1.28446,0.94977,0.8345,0.92817,0.74026,0.89967,0.7664,1.73087,0.0041986,0.0041986,0.0041986
295,1218.96,0.67256,0.42032,1.32445,0.9916,0.97895,0.99334,0.82144,0.70091,0.38453,1.55756,0.0041788,0.0041788,0.0041788
296,1223.02,0.67404,0.41601,1.30209,0.97057,0.99,0.98978,0.81258,0.71394,0.39852,1.55608,0.004159,0.004159,0.004159
297,1227.08,0.66304,0.41107,1.29664,0.98085,0.99,0.99264,0.81863,0.6855,0.37325,1.57541,0.0041392,0.0041392,0.0041392
298,1231.1,0.65562,0.40028,1.28996,0.98187,0.97849,0.99044,0.81194,0.6811,0.37337,1.5443,0.0041194,0.0041194,0.0041194
299,1235.17,0.66984,0.42506,1.30331,0.97518,0.98163,0.98911,0.81122,0.68702,0.41953,1.55427,0.0040996,0.0040996,0.0040996
300,1239.31,0.67056,0.42696,1.32884,0.97761,0.99429,0.99073,0.81785,0.68083,0.36897,1.53974,0.0040798,0.0040798,0.0040798
301,1243.38,0.66436,0.42324,1.29225,0.98503,0.99,0.99291,0.80987,0.68959,0.36675,1.53561,0.00406,0.00406,0.00406
302,1247.42,0.6813,0.41909,1.30522,0.95912,0.99856,0.99373,0.82034,0.70537,0.36909,1.58038,0.0040402,0.0040402,0.0040402
303,1251.45,0.65045,0.41211,1.29851,0.91858,0.925,0.9571,0.70902,0.98845,0.53635,1.84385,0.0040204,0.0040204,0.0040204
304,1255.52,0.66037,0.42079,1.28164,0.96333,0.99,0.98845,0.81547,0.73606,0.39295,1.58224,0.0040006,0.0040006,0.0040006
305,1259.57,0.64967,0.40184,1.28101,0.95829,0.97719,0.98787,0.82351,0.70109,0.37822,1.52096,0.0039808,0.0039808,0.0039808
306,1263.61,0.66525,0.41281,1.31125,0.98274,0.97,0.98933,0.82173,0.67613,0.37382,1.50204,0.003961,0.003961,0.003961
307,1267.65,0.68375,0.41588,1.32241,0.96879,0.95899,0.9863,0.80349,0.72199,0.42037,1.57296,0.0039412,0.0039412,0.0039412
308,1271.77,0.64231,0.41754,1.28873,0.93972,0.98069,0.98451,0.80298,0.71247,0.42799,1.56691,0.0039214,0.0039214,0.0039214
309,1275.86,0.66668,0.4132,1.30648,0.97955,0.985,0.99185,0.8169,0.7126,0.37841,1.57715,0.0039016,0.0039016,0.0039016
310,1279.91,0.65311,0.40497,1.30968,0.978,0.95405,0.97607,0.7485,0.92021,0.47111,1.78864,0.0038818,0.0038818,0.0038818
311,1283.99,0.67024,0.40786,1.29998,0.97854,0.97,0.98946,0.79981,0.73136,0.37062,1.61796,0.003862,0.003862,0.003862
312,1288.06,0.67145,0.40895,1.30053,0.93466,0.97,0.97254,0.78365,0.77047,0.44579,1.64155,0.0038422,0.0038422,0.0038422
313,1292.18,0.6579,0.40845,1.28495,0.97333,0.9944,0.9901,0.81746,0.70641,0.38818,1.57573,0.0038224,0.0038224,0.0038224
314,1296.25,0.65383,0.40993,1.30768,0.91517,0.84613,0.95539,0.72114,0.85728,0.69406,1.74679,0.0038026,0.0038026,0.0038026
315,1300.33,0.65902,0.41409,1.29881,0.9762,0.99,0.99336,0.81385,0.69728,0.37408,1.54376,0.0037828,0.0037828,0.0037828
316,1304.49,0.6638,0.41756,1.29131,0.90322,0.8626,0.91884,0.69202,1.00351,0.66269,1.97811,0.003763,0.003763,0.003763
317,1308.56,0.6526,0.40421,1.2798,0.98722,0.98,0.99327,0.81728,0.70817,0.36199,1.55483,0.0037432,0.0037432,0.0037432
318,1312.62,0.65462,0.40753,1.31087,0.89981,0.89616,0.94379,0.69773,0.99256,0.59809,1.9249,0.0037234,0.0037234,0.0037234
319,1316.68,0.64272,0.39525,1.27981,0.97014,0.99,0.99071,0.8204,0.7345,0.36887,1.61735,0.0037036,0.0037036,0.0037036
320,1320.75,0.66061,0.40768,1.27376,0.98314,0.982,0.99344,0.82349,0.72245,0.37287,1.58786,0.0036838,0.0036838,0.0036838
321,1324.8,0.66181,0.41658,1.29257,0.92011,0.8866,0.96858,0.69792,0.97462,0.6075,1.87226,0.003664,0.003664,0.003664
322,1328.84,0.66338,0.40347,1.30346,0.92865,0.92798,0.98799,0.74181,0.89876,0.53418,1.80278,0.0036442,0.0036442,0.0036442
323,1332.91,0.66431,0.40835,1.31056,0.99263,0.97,0.9923,0.8314,0.7033,0.36603,1.57383,0.0036244,0.0036244,0.0036244
324,1337.23,0.66355,0.40903,1.30388,0.88355,0.94462,0.97465,0.77884,0.78375,0.50419,1.64937,0.0036046,0.0036046,0.0036046
325,1341.39,0.63924,0.39129,1.27432,0.99182,0.97983,0.99381,0.82909,0.68005,0.3477,1.50924,0.0035848,0.0035848,0.0035848
326,1345.6,0.64535,0.40037,1.28883,0.9927,0.98494,0.99198,0.82298,0.69488,0.3611,1.51824,0.003565,0.003565,0.003565
327,1349.71,0.66042,0.40343,1.32117,0.97915,0.955,0.98859,0.81162,0.74229,0.38896,1.58468,0.0035452,0.0035452,0.0035452
328,1353.81,0.65399,0.40327,1.2929,0.98531,0.96519,0.99128,0.81855,0.71174,0.36012,1.54245,0.0035254,0.0035254,0.0035254
329,1357.91,0.63904,0.39243,1.28095,0.98498,0.975,0.99166,0.82598,0.67173,0.34945,1.50748,0.0035056,0.0035056,0.0035056
330,1362.09,0.64872,0.39387,1.2819,0.97606,0.96833,0.98856,0.82432,0.7349,0.40183,1.5745,0.0034858,0.0034858,0.0034858
331,1366.24,0.63681,0.39166,1.27502,0.98138,0.99,0.9923,0.82994,0.6994,0.35843,1.56597,0.003466,0.003466,0.003466
332,1370.52,0.66017,0.39854,1.29913,0.9779,0.99,0.99074,0.81041,0.72314,0.38454,1.5695,0.0034462,0.0034462,0.0034462
333,1374.74,0.66185,0.40771,1.28339,0.98566,0.99,0.99242,0.83277,0.65765,0.35991,1.48842,0.0034264,0.0034264,0.0034264
334,1379.11,0.64792,0.40331,1.28318,0.95496,0.97,0.97903,0.8007,0.74335,0.41239,1.57379,0.0034066,0.0034066,0.0034066
335,1383.17,0.63216,0.39134,1.27912,0.9822,0.98755,0.99179,0.82953,0.67708,0.35273,1.55042,0.0033868,0.0033868,0.0033868
336,1387.23,0.63023,0.39497,1.28415,0.96995,0.975,0.99086,0.82851,0.6833,0.35358,1.53888,0.003367,0.003367,0.003367
337,1391.26,0.62732,0.38783,1.27147,0.97577,0.98509,0.99327,0.82498,0.70254,0.35953,1.55415,0.0033472,0.0033472,0.0033472
338,1395.3,0.62083,0.38817,1.26066,0.94896,0.99,0.98574,0.82715,0.71774,0.37507,1.58831,0.0033274,0.0033274,0.0033274
339,1399.34,0.64715,0.40132,1.28063,0.98648,0.995,0.99385,0.82976,0.68561,0.35226,1.52742,0.0033076,0.0033076,0.0033076
340,1403.4,0.66643,0.4003,1.30374,0.97422,0.99,0.99086,0.80025,0.78485,0.37702,1.63268,0.0032878,0.0032878,0.0032878
341,1407.64,0.63127,0.38695,1.27056,0.98081,0.985,0.99109,0.80771,0.69153,0.35563,1.54892,0.003268,0.003268,0.003268
342,1411.73,0.61902,0.38765,1.27577,0.9803,0.98,0.9923,0.80661,0.67592,0.37363,1.53004,0.0032482,0.0032482,0.0032482
343,1415.79,0.64269,0.40484,1.29165,0.9723,0.99036,0.99207,0.80763,0.73694,0.36297,1.5951,0.0032284,0.0032284,0.0032284
344,1419.9,0.62194,0.38117,1.26356,0.98136,0.97625,0.99074,0.81036,0.73668,0.37685,1.58667,0.0032086,0.0032086,0.0032086
345,1424.03,0.62842,0.38463,1.26456,0.97971,0.985,0.98957,0.8125,0.73042,0.38679,1.56272,0.0031888,0.0031888,0.0031888
346,1428.14,0.6369,0.41489,1.29938,0.98347,0.96494,0.98444,0.78674,0.79954,0.42094,1.65246,0.003169,0.003169,0.003169
347,1432.22,0.62862,0.39628,1.28009,0.97473,0.99,0.98929,0.80177,0.69344,0.35395,1.55742,0.0031492,0.0031492,0.0031492
348,1436.25,0.63366,0.39682,1.26963,0.97281,0.95694,0.98839,0.7845,0.70476,0.37904,1.57602,0.0031294,0.0031294,0.0031294
349,1440.39,0.6195,0.37811,1.24378,0.97572,0.99399,0.99402,0.8228,0.66461,0.34865,1.51968,0.0031096,0.0031096,0.0031096
350,1444.52,0.60564,0.3794,1.24231,0.98681,0.988,0.99347,0.82845,0.66765,0.3484,1.52035,0.0030898,0.0030898,0.0030898
351,1448.62,0.64296,0.39666,1.28938,0.95625,0.975,0.98165,0.79966,0.73001,0.37808,1.60846,0.00307,0.00307,0.00307
352,1452.76,0.62524,0.38577,1.25758,0.98289,0.98454,0.99422,0.81346,0.71832,0.37768,1.62292,0.0030502,0.0030502,0.0030502
353,1456.88,0.61377,0.3785,1.24557,0.97711,0.98,0.99373,0.81906,0.73085,0.36079,1.58323,0.0030304,0.0030304,0.0030304
354,1461.09,0.62373,0.38657,1.25832,0.98722,0.995,0.99368,0.82764,0.71362,0.34187,1.5788,0.0030106,0.0030106,0.0030106
355,1465.22,0.63295,0.38618,1.28737,0.98688,0.99,0.99413,0.844,0.64131,0.31825,1.48673,0.0029908,0.0029908,0.0029908
356,1469.7,0.60594,0.37453,1.25645,0.97849,0.965,0.98557,0.75989,0.8716,0.44428,1.75187,0.002971,0.002971,0.002971
357,1473.94,0.62839,0.38914,1.29139,0.96614,0.995,0.99383,0.82252,0.67831,0.36801,1.55606,0.0029512,0.0029512,0.0029512
358,1478.09,0.64589,0.40075,1.27405,0.92644,0.92483,0.96528,0.7505,0.86157,0.48861,1.73668,0.0029314,0.0029314,0.0029314
359,1482.22,0.63248,0.3826,1.26374,0.98099,0.98414,0.99267,0.81659,0.65522,0.34997,1.50165,0.0029116,0.0029116,0.0029116
360,1486.41,0.62222,0.39297,1.26162,0.96671,0.9632,0.98284,0.7951,0.7744,0.41844,1.62917,0.0028918,0.0028918,0.0028918
361,1490.55,0.5982,0.36964,1.24867,0.9789,0.99,0.99291,0.83117,0.6837,0.34191,1.54378,0.002872,0.002872,0.002872
362,1494.7,0.60504,0.37257,1.25205,0.98161,0.995,0.99254,0.83555,0.6657,0.33348,1.53535,0.0028522,0.0028522,0.0028522
363,1498.78,0.59862,0.37437,1.24875,0.99214,0.995,0.99445,0.83213,0.67312,0.33452,1.56455,0.0028324,0.0028324,0.0028324
364,1502.87,0.60786,0.379,1.26468,0.98671,0.975,0.99063,0.81441,0.71967,0.36302,1.57182,0.0028126,0.0028126,0.0028126
365,1507.01,0.60155,0.37195,1.24468,0.98407,0.995,0.99405,0.81514,0.66749,0.34668,1.51981,0.0027928,0.0027928,0.0027928
366,1511.09,0.58331,0.36312,1.22655,0.98658,0.99063,0.99381,0.83348,0.64719,0.33208,1.48212,0.002773,0.002773,0.002773
367,1515.15,0.58841,0.37518,1.2414,0.99198,0.99295,0.99315,0.82693,0.64528,0.33582,1.49536,0.0027532,0.0027532,0.0027532
368,1519.25,0.60959,0.38885,1.25878,0.9776,0.99413,0.99165,0.83755,0.63555,0.3255,1.4851,0.0027334,0.0027334,0.0027334
369,1523.32,0.59681,0.37364,1.24526,0.98453,0.99,0.99138,0.81876,0.69344,0.35795,1.55202,0.0027136,0.0027136,0.0027136
370,1527.48,0.61104,0.37873,1.24614,0.97716,0.99,0.99346,0.82386,0.65687,0.35151,1.52108,0.0026938,0.0026938,0.0026938
371,1531.5,0.60515,0.3856,1.24829,0.97287,0.995,0.99313,0.83348,0.64686,0.33706,1.48686,0.002674,0.002674,0.002674
372,1535.55,0.60806,0.37602,1.24163,0.96311,0.99318,0.99243,0.8223,0.68552,0.34362,1.54014,0.0026542,0.0026542,0.0026542
373,1539.68,0.60281,0.36815,1.23928,0.9043,0.89522,0.93376,0.69224,0.97558,0.69779,1.89704,0.0026344,0.0026344,0.0026344
374,1543.73,0.59065,0.3643,1.21768,0.97952,0.995,0.99265,0.83541,0.65977,0.33125,1.54431,0.0026146,0.0026146,0.0026146
375,1547.91,0.59361,0.36577,1.22933,0.99083,0.985,0.99234,0.82212,0.65819,0.33675,1.52828,0.0025948,0.0025948,0.0025948
376,1552.06,0.60285,0.36438,1.24389,0.9915,0.975,0.99172,0.82514,0.67916,0.34819,1.54484,0.002575,0.002575,0.002575
377,1556.17,0.61261,0.37651,1.2659,0.99199,0.985,0.99324,0.82799,0.66316,0.34203,1.52847,0.0025552,0.0025552,0.0025552
378,1560.3,0.59474,0.35867,1.2415,0.97685,0.97185,0.99046,0.83335,0.67866,0.33688,1.54626,0.0025354,0.0025354,0.0025354
379,1564.34,0.59585,0.37098,1.24573,0.97814,0.995,0.9925,0.83284,0.68625,0.35172,1.55659,0.0025156,0.0025156,0.0025156
380,1568.38,0.6034,0.36778,1.24196,0.97652,0.99,0.99353,0.8189,0.65119,0.35335,1.49129,0.0024958,0.0024958,0.0024958
381,1572.49,0.6023,0.38408,1.25514,0.99292,0.98908,0.9936,0.84286,0.6627,0.33614,1.50831,0.002476,0.002476,0.002476
382,1576.61,0.60353,0.35862,1.24507,0.98996,0.98,0.99118,0.82536,0.70976,0.35995,1.60298,0.0024562,0.0024562,0.0024562
383,1580.72,0.60761,0.36759,1.25376,0.98426,0.99,0.99442,0.837,0.66907,0.33687,1.53924,0.0024364,0.0024364,0.0024364
384,1584.87,0.58439,0.3584,1.25448,0.97272,0.995,0.99232,0.83442,0.64211,0.32209,1.48834,0.0024166,0.0024166,0.0024166
385,1588.96,0.58371,0.3553,1.24057,0.99002,0.98852,0.99288,0.83209,0.69909,0.34339,1.58743,0.0023968,0.0023968,0.0023968
386,1593.13,0.61151,0.37363,1.26463,0.9894,0.99,0.99439,0.8414,0.64747,0.32819,1.49359,0.002377,0.002377,0.002377
387,1597.24,0.5764,0.36015,1.22546,0.97927,0.98896,0.99207,0.84013,0.6685,0.33339,1.51387,0.0023572,0.0023572,0.0023572
388,1601.32,0.5972,0.36981,1.24025,0.98059,0.98863,0.9938,0.83643,0.70878,0.3431,1.57329,0.0023374,0.0023374,0.0023374
389,1605.46,0.59912,0.37332,1.23979,0.93366,0.946,0.96496,0.77943,0.81811,0.47424,1.71336,0.0023176,0.0023176,0.0023176
390,1609.57,0.59838,0.37067,1.26043,0.97682,0.975,0.99118,0.83482,0.68636,0.34365,1.54042,0.0022978,0.0022978,0.0022978
391,1613.7,0.58927,0.3577,1.22491,0.98595,0.98964,0.99103,0.82957,0.6529,0.35928,1.48621,0.002278,0.002278,0.002278
392,1617.85,0.60289,0.36511,1.26294,0.99215,0.975,0.99148,0.83919,0.64162,0.33938,1.49122,0.0022582,0.0022582,0.0022582
393,1621.9,0.57681,0.35728,1.21275,0.99771,0.9799,0.99419,0.82463,0.64111,0.32589,1.48169,0.0022384,0.0022384,0.0022384
394,1625.93,0.58244,0.35067,1.23862,0.98696,0.98,0.99167,0.83057,0.62987,0.31965,1.48763,0.0022186,0.0022186,0.0022186
395,1629.97,0.58517,0.35415,1.24794,0.98254,0.98894,0.99222,0.83906,0.62962,0.32404,1.48894,0.0021988,0.0021988,0.0021988
396,1634.02,0.59719,0.36173,1.24186,0.98177,0.995,0.99292,0.83535,0.65424,0.31863,1.50682,0.002179,0.002179,0.002179
397,1638.17,0.57085,0.35054,1.22446,0.98228,0.99372,0.99194,0.82639,0.65947,0.32665,1.50745,0.0021592,0.0021592,0.0021592
398,1642.29,0.57383,0.35768,1.23215,0.99132,0.985,0.99359,0.81997,0.68375,0.35067,1.55546,0.0021394,0.0021394,0.0021394
399,1646.37,0.57414,0.35146,1.23204,0.98247,0.99,0.98932,0.84111,0.64725,0.33503,1.50737,0.0021196,0.0021196,0.0021196
400,1650.46,0.57647,0.35236,1.22686,0.98214,0.985,0.99197,0.82416,0.70542,0.34575,1.57926,0.0020998,0.0020998,0.0020998
401,1654.52,0.58189,0.35869,1.24015,0.98599,0.995,0.99438,0.83212,0.67482,0.33214,1.5467,0.00208,0.00208,0.00208
402,1658.62,0.59293,0.36969,1.24577,0.98805,0.97994,0.99126,0.84209,0.64484,0.31967,1.50411,0.0020602,0.0020602,0.0020602
403,1662.73,0.58161,0.35371,1.23279,0.98214,0.98,0.98991,0.83205,0.6746,0.32559,1.52619,0.0020404,0.0020404,0.0020404
404,1666.78,0.58396,0.35433,1.22809,0.97997,0.97905,0.98926,0.82872,0.65874,0.33512,1.51979,0.0020206,0.0020206,0.0020206
405,1670.91,0.57131,0.34201,1.24272,0.98673,0.995,0.99309,0.83942,0.62979,0.31339,1.49768,0.0020008,0.0020008,0.0020008
406,1675.03,0.58726,0.3559,1.2331,0.95221,0.91871,0.95669,0.78499,0.7374,0.44821,1.62868,0.001981,0.001981,0.001981
407,1679.22,0.5681,0.34968,1.21387,0.95806,0.94,0.98013,0.80658,0.72362,0.41381,1.63116,0.0019612,0.0019612,0.0019612
408,1683.34,0.56929,0.35156,1.20568,0.98117,0.99462,0.99245,0.83845,0.65216,0.33483,1.52175,0.0019414,0.0019414,0.0019414
409,1687.52,0.57347,0.34269,1.2151,0.98997,0.98712,0.99239,0.83066,0.64251,0.33926,1.52036,0.0019216,0.0019216,0.0019216
410,1691.61,0.55594,0.34398,1.21909,0.98619,0.985,0.99286,0.83811,0.64362,0.31479,1.50721,0.0019018,0.0019018,0.0019018
411,1695.71,0.5787,0.35395,1.22829,0.98845,0.9865,0.9926,0.82812,0.65012,0.332,1.49475,0.001882,0.001882,0.001882
412,1699.85,0.58049,0.34764,1.21407,0.99776,0.97998,0.99384,0.83464,0.62516,0.32862,1.47624,0.0018622,0.0018622,0.0018622
413,1703.99,0.56968,0.34658,1.21946,0.98804,0.98447,0.99271,0.83258,0.65977,0.33841,1.52769,0.0018424,0.0018424,0.0018424
414,1708.07,0.56394,0.34657,1.23038,0.98289,0.99401,0.99307,0.8262,0.68794,0.33725,1.57235,0.0018226,0.0018226,0.0018226
415,1712.11,0.57554,0.35527,1.22908,0.98802,0.97911,0.99362,0.83353,0.65209,0.32246,1.52043,0.0018028,0.0018028,0.0018028
416,1716.16,0.58249,0.36766,1.24402,0.98807,0.99,0.99407,0.83994,0.64777,0.31633,1.50228,0.001783,0.001783,0.001783
417,1720.23,0.56517,0.35605,1.20632,0.99246,0.98281,0.99418,0.83036,0.64897,0.32207,1.48885,0.0017632,0.0017632,0.0017632
418,1724.43,0.566,0.36073,1.22671,0.98345,0.97874,0.99271,0.82438,0.64774,0.32958,1.48767,0.0017434,0.0017434,0.0017434
419,1728.49,0.55649,0.34464,1.19745,0.97073,0.97406,0.98693,0.81932,0.6673,0.33763,1.52601,0.0017236,0.0017236,0.0017236
420,1732.57,0.56914,0.35217,1.21222,0.9921,0.97808,0.99374,0.83399,0.65475,0.3296,1.52613,0.0017038,0.0017038,0.0017038
421,1736.7,0.57625,0.35563,1.22624,0.98371,0.98439,0.99348,0.83362,0.6564,0.32539,1.53673,0.001684,0.001684,0.001684
422,1740.84,0.54449,0.33652,1.18739,0.99011,0.99321,0.99257,0.83679,0.66825,0.32671,1.55148,0.0016642,0.0016642,0.0016642
423,1744.88,0.54627,0.33779,1.20432,0.97096,0.995,0.99216,0.84113,0.64895,0.31827,1.52269,0.0016444,0.0016444,0.0016444
424,1748.92,0.5447,0.33367,1.19821,0.99368,0.98,0.99345,0.84055,0.65701,0.33483,1.51042,0.0016246,0.0016246,0.0016246
425,1752.95,0.56206,0.34549,1.19759,0.99589,0.94416,0.98357,0.8234,0.70003,0.37582,1.56691,0.0016048,0.0016048,0.0016048
426,1757.01,0.53596,0.33587,1.18447,0.98699,0.99394,0.99229,0.83464,0.64784,0.32383,1.50493,0.001585,0.001585,0.001585
427,1761.03,0.55328,0.34987,1.20575,0.96381,0.98477,0.98997,0.82585,0.66565,0.33143,1.51598,0.0015652,0.0015652,0.0015652
428,1765.09,0.55932,0.33782,1.20057,0.98911,0.98,0.99356,0.83952,0.65864,0.31178,1.51238,0.0015454,0.0015454,0.0015454
429,1769.13,0.55604,0.33487,1.21688,0.99032,0.99175,0.99444,0.84189,0.65459,0.30977,1.52072,0.0015256,0.0015256,0.0015256
430,1773.23,0.55,0.33208,1.21188,0.992,0.985,0.99429,0.83241,0.6789,0.31402,1.57445,0.0015058,0.0015058,0.0015058
431,1777.27,0.54665,0.32888,1.19558,0.98665,0.99459,0.9931,0.83577,0.68497,0.31692,1.58394,0.001486,0.001486,0.001486
432,1781.34,0.55508,0.33691,1.20696,0.98259,0.99163,0.99325,0.84018,0.67992,0.3167,1.548,0.0014662,0.0014662,0.0014662
433,1785.4,0.5506,0.32826,1.19789,0.98839,0.98371,0.99309,0.84094,0.6606,0.31438,1.50217,0.0014464,0.0014464,0.0014464
434,1789.48,0.54939,0.33482,1.2108,0.98854,0.99451,0.99326,0.83533,0.66896,0.32011,1.52823,0.0014266,0.0014266,0.0014266
435,1793.51,0.55052,0.33778,1.20881,0.97462,0.99,0.99123,0.83034,0.68013,0.32781,1.55116,0.0014068,0.0014068,0.0014068
436,1797.62,0.53447,0.32765,1.18734,0.98626,0.98358,0.99189,0.83382,0.66575,0.32737,1.53828,0.001387,0.001387,0.001387
437,1801.68,0.52662,0.32502,1.18608,0.97795,0.995,0.99247,0.84043,0.65846,0.33098,1.52646,0.0013672,0.0013672,0.0013672
438,1805.87,0.54926,0.33281,1.19379,0.98695,0.98293,0.99251,0.83831,0.67421,0.3197,1.5497,0.0013474,0.0013474,0.0013474
439,1809.99,0.5468,0.33472,1.19627,0.98938,0.99,0.99381,0.84868,0.66242,0.31461,1.53434,0.0013276,0.0013276,0.0013276
440,1814.22,0.5577,0.33636,1.21347,0.9899,0.99,0.99461,0.83571,0.65445,0.31999,1.51867,0.0013078,0.0013078,0.0013078
441,1818.33,0.53906,0.32785,1.1922,0.98618,0.985,0.99332,0.83667,0.6354,0.31569,1.48976,0.001288,0.001288,0.001288
442,1822.46,0.54224,0.33631,1.21809,0.98089,0.995,0.9931,0.83452,0.64569,0.32015,1.51674,0.0012682,0.0012682,0.0012682
443,1826.59,0.53548,0.32976,1.2073,0.98539,0.99,0.9936,0.83597,0.63273,0.32023,1.50704,0.0012484,0.0012484,0.0012484
444,1830.64,0.53293,0.32291,1.18586,0.99696,0.99,0.99471,0.84726,0.61621,0.30349,1.48297,0.0012286,0.0012286,0.0012286
445,1834.7,0.53665,0.33353,1.183,0.98281,0.99,0.99288,0.84862,0.62813,0.31032,1.49451,0.0012088,0.0012088,0.0012088
446,1838.81,0.51743,0.32625,1.17979,0.99229,0.99389,0.99461,0.84858,0.63072,0.30709,1.48906,0.001189,0.001189,0.001189
447,1842.84,0.53126,0.32787,1.17646,0.98782,0.99375,0.99453,0.83815,0.6522,0.31903,1.50595,0.0011692,0.0011692,0.0011692
448,1847.23,0.53328,0.32477,1.19971,0.9906,0.985,0.99345,0.83482,0.66433,0.32622,1.53681,0.0011494,0.0011494,0.0011494
449,1851.29,0.5211,0.31812,1.1738,0.99381,0.99173,0.99286,0.83233,0.66536,0.3251,1.53209,0.0011296,0.0011296,0.0011296
450,1855.31,0.53195,0.32716,1.18831,0.99069,0.985,0.99271,0.84019,0.62706,0.3117,1.48693,0.0011098,0.0011098,0.0011098
451,1859.36,0.52477,0.31258,1.17827,0.977,0.99,0.99163,0.83087,0.72524,0.32744,1.59519,0.00109,0.00109,0.00109
452,1863.41,0.54191,0.32501,1.19531,0.98756,0.99,0.99447,0.84273,0.66651,0.31407,1.52741,0.0010702,0.0010702,0.0010702
453,1867.44,0.53748,0.32749,1.18057,0.98723,0.995,0.99471,0.83254,0.67075,0.31639,1.54906,0.0010504,0.0010504,0.0010504
454,1871.55,0.51419,0.30734,1.17141,0.98849,0.99353,0.99475,0.84007,0.64054,0.30638,1.51253,0.0010306,0.0010306,0.0010306
455,1875.62,0.50525,0.31585,1.1616,0.98878,0.98969,0.99368,0.8381,0.65118,0.30444,1.52926,0.0010108,0.0010108,0.0010108
456,1879.67,0.52634,0.32442,1.17619,0.98744,0.99399,0.99385,0.83825,0.63916,0.30871,1.50992,0.000991,0.000991,0.000991
457,1883.71,0.52095,0.31972,1.17665,0.99259,0.995,0.99476,0.84279,0.64499,0.30724,1.50698,0.0009712,0.0009712,0.0009712
458,1887.76,0.50785,0.3107,1.16672,0.98722,0.995,0.99466,0.84167,0.64279,0.31028,1.50277,0.0009514,0.0009514,0.0009514
459,1891.79,0.53483,0.32318,1.18207,0.99694,0.99,0.9944,0.84246,0.62147,0.30553,1.47473,0.0009316,0.0009316,0.0009316
460,1895.85,0.51842,0.32203,1.185,0.97462,0.985,0.99271,0.84053,0.61789,0.30785,1.48394,0.0009118,0.0009118,0.0009118
461,1899.9,0.51555,0.31612,1.18851,0.97258,0.995,0.99303,0.84225,0.6423,0.31732,1.52882,0.000892,0.000892,0.000892
462,1904.01,0.50831,0.31347,1.16563,0.99692,0.99,0.99444,0.84646,0.62275,0.29768,1.49124,0.0008722,0.0008722,0.0008722
463,1908.07,0.52308,0.31444,1.1836,0.99112,0.985,0.99349,0.83899,0.62642,0.31367,1.50791,0.0008524,0.0008524,0.0008524
464,1912.13,0.51267,0.3146,1.16648,0.99068,0.99,0.99389,0.84551,0.62744,0.30354,1.49998,0.0008326,0.0008326,0.0008326
465,1916.17,0.51774,0.31432,1.17222,0.99089,0.995,0.99396,0.83549,0.64748,0.29859,1.52724,0.0008128,0.0008128,0.0008128
466,1920.21,0.49975,0.31304,1.177,0.99013,0.99,0.99373,0.83061,0.67587,0.30812,1.56641,0.000793,0.000793,0.000793
467,1924.25,0.49349,0.30411,1.14494,0.9902,0.98375,0.99297,0.83319,0.65689,0.30954,1.54673,0.0007732,0.0007732,0.0007732
468,1928.28,0.51986,0.3148,1.18673,0.9872,0.985,0.99335,0.83574,0.62587,0.31507,1.5058,0.0007534,0.0007534,0.0007534
469,1932.33,0.51488,0.31467,1.18273,0.98305,0.99,0.99358,0.84124,0.6376,0.31464,1.5125,0.0007336,0.0007336,0.0007336
470,1936.46,0.50904,0.31169,1.17561,0.96879,0.99182,0.99168,0.83199,0.68122,0.31506,1.55821,0.0007138,0.0007138,0.0007138
471,1940.6,0.51742,0.31824,1.18562,0.97451,0.99143,0.99223,0.83688,0.67198,0.31759,1.54957,0.000694,0.000694,0.000694
472,1944.64,0.52199,0.31631,1.18161,0.9968,0.99,0.99349,0.84099,0.65283,0.30362,1.54377,0.0006742,0.0006742,0.0006742
473,1948.69,0.51614,0.31589,1.19309,0.99344,0.98521,0.99375,0.8376,0.65355,0.29562,1.54964,0.0006544,0.0006544,0.0006544
474,1952.76,0.48988,0.30751,1.14603,0.99869,0.98478,0.99476,0.83794,0.64139,0.29549,1.52774,0.0006346,0.0006346,0.0006346
475,1956.8,0.50836,0.31327,1.16175,0.99294,0.99296,0.99475,0.83879,0.64082,0.29503,1.53043,0.0006148,0.0006148,0.0006148
476,1960.85,0.4796,0.2956,1.14149,0.99299,0.99404,0.99485,0.8388,0.6332,0.29638,1.52997,0.000595,0.000595,0.000595
477,1964.95,0.49456,0.30459,1.16198,0.99874,0.98845,0.99485,0.83993,0.63071,0.29757,1.51722,0.0005752,0.0005752,0.0005752
478,1969,0.5121,0.30762,1.15589,0.9925,0.99452,0.99475,0.84458,0.63378,0.30051,1.51772,0.0005554,0.0005554,0.0005554
479,1973.16,0.48777,0.29444,1.12994,0.99168,1,0.9949,0.84141,0.63358,0.30506,1.50321,0.0005356,0.0005356,0.0005356
480,1977.26,0.50988,0.30902,1.16267,0.99266,0.99864,0.9946,0.84691,0.62996,0.30519,1.50272,0.0005158,0.0005158,0.0005158
481,1981.33,0.49379,0.29848,1.16092,0.98837,0.985,0.99315,0.85171,0.62798,0.31127,1.51371,0.000496,0.000496,0.000496
482,1985.67,0.50416,0.30358,1.16558,0.9641,0.99483,0.99091,0.84281,0.65578,0.32183,1.54136,0.0004762,0.0004762,0.0004762
483,1989.72,0.49007,0.30699,1.15694,0.96813,0.995,0.99154,0.83982,0.64884,0.32042,1.52853,0.0004564,0.0004564,0.0004564
484,1993.79,0.51107,0.31245,1.16045,0.98776,0.99452,0.99451,0.84329,0.63088,0.30671,1.5043,0.0004366,0.0004366,0.0004366
485,1997.83,0.48931,0.30165,1.14572,0.99235,0.9906,0.99476,0.84347,0.63277,0.30908,1.52472,0.0004168,0.0004168,0.0004168
486,2001.87,0.48982,0.30177,1.14929,0.98755,0.99193,0.99456,0.84297,0.63172,0.30268,1.52971,0.000397,0.000397,0.000397
487,2006,0.49703,0.30246,1.15619,0.9866,0.995,0.9945,0.84091,0.63604,0.29667,1.53061,0.0003772,0.0003772,0.0003772
488,2010.11,0.50547,0.30793,1.17129,0.98575,0.995,0.99425,0.83863,0.64264,0.30056,1.538,0.0003574,0.0003574,0.0003574
489,2014.31,0.49731,0.30773,1.16556,0.98755,0.99349,0.99421,0.83644,0.63682,0.29929,1.5268,0.0003376,0.0003376,0.0003376
490,2018.34,0.4905,0.29974,1.16401,0.98572,0.995,0.99421,0.84011,0.63073,0.29727,1.51335,0.0003178,0.0003178,0.0003178
491,2022.96,0.45953,0.29641,1.13639,0.99063,0.985,0.99416,0.84182,0.62588,0.29915,1.50191,0.000298,0.000298,0.000298
492,2027.02,0.43987,0.27768,1.11814,0.98993,0.985,0.99314,0.83679,0.64149,0.30393,1.51729,0.0002782,0.0002782,0.0002782
493,2031.02,0.44663,0.27668,1.13105,0.98962,0.99,0.99278,0.84165,0.65564,0.30982,1.53017,0.0002584,0.0002584,0.0002584
494,2035.02,0.43207,0.26861,1.10762,0.97717,0.98867,0.9916,0.84467,0.64843,0.3085,1.52488,0.0002386,0.0002386,0.0002386
495,2039.03,0.42211,0.26642,1.09697,0.97257,0.995,0.99267,0.84415,0.63172,0.30406,1.51363,0.0002188,0.0002188,0.0002188
496,2043.08,0.41169,0.25748,1.09667,0.99259,0.98926,0.99411,0.84128,0.62437,0.29601,1.5097,0.000199,0.000199,0.000199
497,2047.11,0.41287,0.25871,1.10768,0.99048,0.995,0.99425,0.84062,0.62285,0.29554,1.51518,0.0001792,0.0001792,0.0001792
498,2051.14,0.42065,0.26964,1.11237,0.98957,0.995,0.9943,0.84066,0.62637,0.29346,1.51856,0.0001594,0.0001594,0.0001594
499,2055.13,0.41747,0.26148,1.10027,0.98741,0.995,0.99377,0.84433,0.62544,0.29783,1.51824,0.0001396,0.0001396,0.0001396
500,2059.14,0.42903,0.26656,1.10604,0.9866,0.995,0.99327,0.84391,0.63465,0.30262,1.54494,0.0001198,0.0001198,0.0001198
